province;red;green;blue;x;x
1;173;188;60;Kanaud;x
2;251;73;3;Sar;x
3;143;128;24;Bijaim;x
4;104;129;75;Kamara;x
5;122;75;14;Tibokal;x
6;109;54;97;Kodeter;x
7;79;93;54;Tamuti;x
8;130;200;29;Torazzaq;x
9;72;237;111;Wanila;x
10;72;189;46;Lint;x
11;148;76;92;Noguigi;x
12;75;60;45;Tomew;x
13;94;219;31;Seetega;x
14;182;68;125;Namm;x
15;210;95;104;Larais;x
16;206;232;62;Kuin;x
17;135;197;23;Toda;x
18;69;51;69;Lermaham;x
19;82;188;39;Baseek;x
20;133;230;60;Kabdoras;x
21;89;161;62;Kantay;x
22;202;89;123;Lolakrim;x
23;122;57;10;Korawfiq;x
24;164;125;5;Kareer;x
25;117;89;99;Ennanca;x
26;156;78;83;Teonie;x
27;236;76;102;Tonaham;x
28;178;204;7;Qyasema;x
29;250;244;111;Wanuko;x
30;172;196;119;Kena;x
31;203;152;21;Qenaran;x
32;141;2;59;Tadinat;x
33;189;144;22;Raladan;x
34;110;96;31;Bevan;x
35;151;235;90;Kya;x
36;204;249;114;Quradan;x
37;76;121;46;Tucita;x
38;71;160;61;Edhamohn;x
39;87;143;22;Tegoger;x
40;69;6;88;Ryoa;x
41;206;180;46;Ader-Ura;x
42;186;212;64;Savam;x
43;161;174;6;Qyaa;x
44;172;34;7;Bibirai;x
45;173;126;99;Rucius;x
46;191;148;44;Tenina;x
47;79;134;104;Akamud;x
48;224;110;23;Samuko;x
49;237;63;58;Relam;x
50;158;109;50;Akojema;x
51;176;100;109;Amucath;x
52;216;246;54;Noche;x
53;178;26;90;Agevaani;x
54;147;166;108;Ekloger;x
55;241;137;54;Bireodat;x
56;144;38;75;Karuin;x
57;71;76;113;Noanius;x
58;86;209;57;Karahar;x
59;230;116;34;Qevassa;x
60;66;254;12;Nukipac;x
61;197;86;79;Neneram;x
62;247;196;82;Rarolon;x
63;196;108;79;Kalihan;x
64;203;107;125;Lajory;x
65;76;64;88;Sasirai;x
66;149;60;49;Kamoger;x
67;105;188;30;Deinory;x
68;249;54;51;Sanonne;x
69;109;64;9;Qedideva;x
70;113;204;15;Togyuk;x
71;227;149;95;Wabdurna;x
72;162;52;90;Lakoka;x
73;83;124;104;Doyan;x
74;249;58;72;Bajunno;x
75;195;78;54;Latheek;x
76;188;34;29;Taa;x
77;138;214;106;Nodoja;x
78;63;91;81;Tojasia;x
79;85;122;98;Tonyula;x
80;219;88;47;Ameludan;x
81;107;81;50;Katasa;x
82;89;209;118;Binast;x
83;215;57;89;Kotama;x
84;88;20;104;Damiek;x
85;195;4;23;Wyefalo;x
86;242;163;35;Tyigiel;x
87;233;21;25;Kaulara;x
88;138;121;63;Tohecca;x
89;252;99;50;Tyatuko;x
90;149;128;2;Raha;x
91;134;212;38;Wuducho;x
92;102;186;9;Tizarya;x
93;165;41;101;Bajoras;x
94;217;14;119;Laulint;x
95;113;231;24;Terefan;x
96;141;208;124;Beridena;x
97;241;72;29;Keludan;x
98;120;232;23;Devund;x
99;240;42;88;Dacaya;x
100;98;79;40;Lolaya;x
101;69;242;1;Wimaus;x
102;92;104;116;Ranoura;x
103;163;77;13;Bizarya;x
104;215;99;29;Qerenna;x
105;67;21;10;Rekoger;x
106;131;23;12;Wella;x
107;185;111;78;Tisanca;x
108;164;252;108;Ecasozar;x
109;73;114;31;Dina;x
110;183;226;35;Epichar;x
111;168;39;106;Lawa;x
112;70;73;89;Raniel;x
113;167;18;5;Keis;x
114;74;193;23;Taba;x
115;171;188;101;Nyon;x
116;74;66;94;Nona;x
117;139;184;121;Wosai;x
118;204;33;85;Namint;x
119;195;53;124;Navabib;x
120;139;245;36;Kutato;x
121;227;212;59;Tumuisa;x
122;145;230;63;Amekim;x
123;188;106;49;Begs;x
124;245;111;104;Ninanka;x
125;141;103;62;Sear;x
126;114;34;52;Beynard;x
127;237;161;66;Ner-Ona;x
128;203;191;68;Nekegin;x
129;116;123;125;Ryoo;x
130;143;165;35;Qurilip;x
131;163;186;18;Raxirai;x
132;216;145;91;Dalimon;x
133;171;248;63;Sineer;x
134;195;197;119;Edoja;x
135;117;137;76;Derunnar;x
136;154;13;118;Dunahad;x
137;210;197;12;Ezakille;x
138;123;68;22;Abelim;x
139;113;195;100;Ecotijah;x
140;138;83;56;Tinahad;x
141;201;189;122;Kavohn;x
142;118;37;3;Sana;x
143;103;141;83;Toisi;x
144;145;232;71;Eloreter;x
145;115;57;46;Eferagan;x
146;78;171;104;Qyan;x
147;195;190;21;Wimizhi;x
148;76;184;107;Rudo;x
149;79;187;117;Nareth;x
150;243;20;38;Eligugei;x
151;224;187;105;Lahucha;x
152;144;226;116;Etanila;x
153;234;167;76;Kyer;x
154;174;221;41;Kicida;x
155;194;37;16;Talapo;x
156;198;183;118;Qilayya;x
157;101;254;59;Kasonda;x
158;186;123;6;Temyla;x
159;182;80;70;Boloul;x
160;63;115;86;Eleth;x
161;113;172;70;Egamily;x
162;73;42;100;Ebudary;x
163;187;83;23;Kazara;x
164;205;9;119;Esaloriy;x
165;129;5;71;Apyad;x
166;118;104;27;Tiegew;x
167;244;42;86;Larunai;x
168;192;97;86;Wilad;x
169;208;11;113;Duwund;x
170;127;29;1;Karuigi;x
171;113;138;57;Wereuta;x
172;221;193;73;Elibi;x
173;113;67;100;Lakawuj;x
174;120;236;15;Duelle;x
175;129;238;74;Taaz;x
176;146;199;65;Saruvje;x
177;139;238;89;Aglril;x
178;182;113;105;Borine;x
179;246;139;47;Tupaghu;x
180;242;139;106;Basyana;x
181;81;11;10;Retoa;x
182;72;67;60;Wogua;x
183;197;46;6;Emanomon;x
184;160;191;43;Nerar;x
185;193;141;82;Lenitya;x
186;230;137;119;Baiy;x
187;216;40;30;Teneka;x
188;83;140;48;Kautiat;x
189;228;60;4;Susidis;x
190;115;204;55;Ehamaut;x
191;121;22;115;Enyea;x
192;180;218;124;Ryuvine;x
193;176;155;61;Reposlan;x
194;76;46;8;Nokalram;x
195;220;134;68;Teupiero;x
196;77;78;34;Kivana;x
197;251;136;39;Kutawtus;x
198;224;212;119;Takomez;x
199;243;119;95;Kata;x
200;97;223;30;Tobina;x
201;164;147;93;Balaud;x
202;239;153;100;Leliek;x
203;226;239;81;Rerawuj;x
204;154;63;72;Nerivka;x
205;172;55;38;Dareter;x
206;177;49;81;Neoka;x
207;98;47;17;Kanandi;x
208;109;130;12;Taarozar;x
209;65;214;69;Ezeleva;x
210;213;17;53;Lidani;x
211;153;100;35;Qeymuslo;x
212;151;152;36;Suoen;x
213;167;183;8;Revaim;x
214;89;52;122;Denapa;x
215;173;59;24;Kudiera;x
216;65;253;42;Neilaka;x
217;116;2;12;Renawma;x
218;236;138;97;Kagoa;x
219;179;83;115;Taxelm;x
220;215;196;44;Rorang;x
221;224;106;11;Ricoste;x
222;208;123;33;Bumanda;x
223;150;7;57;Daraila;x
224;138;215;56;Abeneer;x
225;96;31;19;Ryuvelm;x
226;89;45;87;Belilai;x
227;231;44;120;Waun;x
228;224;141;102;Activia;x
229;92;103;71;Tunavo;x
230;244;157;15;Rarala;x
231;171;181;43;Atheoran;x
232;218;37;18;Keneba;x
233;253;125;63;Teoda;x
234;227;162;90;Qand;x
235;214;175;42;Kubofia;x
236;253;177;63;Butibi;x
237;73;54;6;Erajahar;x
238;73;184;11;Daasar;x
239;201;132;93;Anoreva;x
240;103;33;104;Lajata;x
241;83;89;57;Talan;x
242;196;136;15;Wimedek;x
243;108;40;3;Taterna;x
244;152;175;82;Koloul;x
245;151;183;108;Kojara;x
246;102;91;84;Amahegin;x
247;83;119;46;Rolorri;x
248;92;236;68;Kamapa;x
249;174;165;84;Nomas;x
250;120;119;48;Soanick;x
251;79;246;43;Laromon;x
252;151;206;40;Nuxisam;x
253;201;185;58;Kenoise;x
254;139;99;10;Ticarat;x
255;75;243;16;Tinoka;x
256;98;195;80;Abogoatl;x
257;84;153;112;Tareir;x
258;109;111;95;Kalias;x
259;197;42;35;Rahina;x
260;97;211;86;Nyatine;x
261;218;240;95;Nyilija;x
262;141;181;36;Tiloslan;x
263;147;6;65;Qatar;x
264;80;1;125;Nurek;x
265;243;210;50;Dohiban;x
266;210;167;45;Wolurli;x
267;185;245;20;Qamaut;x
268;97;206;46;Dalan;x
269;149;79;2;Torala;x
270;74;242;36;Elikusa;x
271;206;93;80;Kaxira;x
272;181;191;51;Wyuseya;x
273;188;55;40;Ronantia;x
274;84;251;28;Nuulila;x
275;251;72;38;Secim;x
276;63;251;69;Qachadu;x
277;81;253;107;Etutodia;x
278;221;139;68;Nelle;x
279;224;81;92;Dekius;x
280;203;240;102;Kahoste;x
281;244;217;3;Enegira;x
282;134;144;2;Rodael;x
283;65;222;72;Tezude;x
284;89;172;57;Dernat;x
285;86;102;57;Sidurna;x
286;229;209;31;Elijah;x
287;218;114;8;Wudaneon;x
288;190;51;7;Nohalin;x
289;220;155;35;Teth;x
290;133;83;50;Qukoquz;x
291;88;136;115;Ronne;x
292;197;153;51;Nacouhi;x
293;186;14;5;Wayteye;x
294;66;249;77;Saniyel;x
295;111;117;61;Tanidis;x
296;89;199;97;Qecorri;x
297;210;70;108;Qaytiero;x
298;235;121;33;Kuwarde;x
299;116;124;39;Tudrd;x
300;147;50;76;Sodade;x
301;217;67;40;Anaria;x
302;123;28;56;Qituara;x
303;92;135;18;Kajella;x
304;171;106;37;Egisokol;x
305;234;81;109;Dary;x
306;112;35;51;Dierian;x
307;105;249;105;Tohara;x
308;232;181;39;Qariat;x
309;161;203;11;Wiseka;x
310;253;162;98;Lulinn;x
311;81;78;37;Daideva;x
312;100;241;92;Tilalis;x
313;75;159;115;Byasessa;x
314;69;186;28;Nyehayor;x
315;170;144;63;Wufara;x
316;208;42;19;Kaka;x
317;228;26;88;Asomir;x
318;93;199;24;Avimena;x
319;148;36;113;Asahund;x
320;145;245;98;Kalaud;x
321;160;216;104;Wariisa;x
322;159;207;69;Kariero;x
323;100;195;40;Lanarat;x
324;79;139;74;Tacaham;x
325;217;189;92;Tyia;x
326;165;5;21;Tural;x
327;204;93;69;Nisom;x
328;213;229;80;Aluulena;x
329;156;45;88;Tautigun;x
330;85;94;93;Sahaster;x
331;189;240;92;Birith;x
332;148;184;103;Terge;x
333;216;14;14;Kufozar;x
334;237;151;74;Kelerro;x
335;156;155;16;Lagand;x
336;105;71;50;Nelaria;x
337;237;183;39;Bojucia;x
338;241;229;76;Keansa;x
339;177;164;10;Wanapal;x
340;135;3;99;Ragidda;x
341;146;70;98;Wobim;x
342;116;121;29;Qaasegs;x
343;78;128;120;Tuhakk;x
344;231;21;63;Ruulard;x
345;76;180;41;Notato;x
346;247;179;107;Sivisha;x
347;102;200;26;Seocick;x
348;247;94;118;Banann;x
349;129;146;28;Kudoke;x
350;215;116;116;Asufory;x
351;155;65;45;Keritya;x
352;126;93;38;Bida;x
353;222;80;96;Walilai;x
354;225;59;122;Wainha;x
355;165;92;1;Lubelbo;x
356;244;152;98;Tacoste;x
357;229;194;108;Wimund;x
358;242;58;63;Lian;x
359;235;247;31;Byeviat;x
360;253;175;104;Ryi;x
361;245;194;70;Wijonne;x
362;110;104;122;Necya;x
363;221;146;69;Singe;x
364;71;32;87;Qitram;x
365;108;168;109;Qolichel;x
366;186;146;13;Reinaud;x
367;198;164;86;Temira;x
368;115;242;13;Renain;x
369;144;243;55;Esviat;x
370;223;76;25;Esanard;x
371;145;146;41;Ebozaba;x
372;105;44;39;Tict;x
373;127;77;4;Duigun;x
374;103;18;10;Lareva;x
375;105;65;89;Simund;x
376;165;166;119;Asususa;x
377;241;236;25;Kupine;x
378;252;136;27;Keparcia;x
379;229;63;70;Tatelbo;x
380;85;96;61;Reyalan;x
381;107;133;98;Kikoj;x
382;108;248;86;Apoyaude;x
383;82;98;18;Telani;x
384;73;187;92;Negalc;x
385;223;186;22;Tyuline;x
386;115;85;61;Elilda;x
387;82;164;70;Niya;x
388;245;58;88;Reitl;x
389;69;157;16;Wacahra;x
390;242;23;53;Rikugh;x
391;158;59;92;Talapur;x
392;160;121;104;Aquneka;x
393;135;156;69;Noruin;x
394;169;13;39;Nategs;x
395;93;17;96;Tudyla;x
396;152;217;34;Ryilodu;x
397;224;16;93;Taneike;x
398;173;222;83;Tobigo;x
399;112;8;11;Qeka;x
400;182;37;68;Esaideva;x
401;227;153;93;Lanam;x
402;103;159;48;Duneike;x
403;170;229;105;Dayohn;x
404;226;254;5;Regand;x
405;210;141;117;Bobila;x
406;231;8;98;Ehakk;x
407;215;40;34;Demd;x
408;83;83;103;Sutaster;x
409;69;210;9;Kufoj;x
410;211;77;80;Edavimar;x
411;115;165;116;Livenes;x
412;189;69;9;Asvepes;x
413;122;198;46;Surei;x
414;178;98;5;Dodakk;x
415;126;132;121;Raleth;x
416;247;40;10;Biram;x
417;92;56;46;Kemantia;x
418;76;139;69;Abhaseya;x
419;89;213;6;Watun;x
420;97;254;74;Toigar;x
421;178;188;3;Wani;x
422;202;191;4;Toka;x
423;211;241;55;Natili;x
424;199;230;105;Wurga;x
425;78;111;22;Teas;x
426;172;252;117;Tonnu;x
427;234;177;21;Syi;x
428;203;44;54;Dalit;x
429;115;134;39;Sanar;x
430;227;22;31;Wubing;x
431;130;175;8;Nerashir;x
432;126;150;7;Arateike;x
433;185;14;120;Keocurd;x
434;184;210;100;Qibeas;x
435;140;195;48;Koragha;x
436;233;125;64;Darune;x
437;246;213;87;Enunir;x
438;219;62;23;Welagha;x
439;206;71;101;Ruroul;x
440;202;154;55;Tesaide;x
441;83;128;26;Tupiwal;x
442;201;19;7;Kavion;x
443;181;235;37;Taisulie;x
444;180;92;10;Bulaide;x
445;193;171;17;Qarim;x
446;175;235;9;Wuwadevi;x
447;149;88;111;Emufilu;x
448;88;130;124;Aferam;x
449;140;58;54;Torake;x
450;234;129;125;Tenain;x
451;127;96;82;Dalemir;x
452;202;87;115;Aratira;x
453;194;244;24;Raralc;x
454;251;207;12;Kaleuta;x
455;146;16;123;Relas;x
456;219;125;58;Lenad;x
457;148;7;64;Tyuneila;x
458;84;56;70;Qahathi;x
459;234;172;70;Rukanka;x
460;123;139;68;Kohassi;x
461;141;28;69;Karuci;x
462;212;244;80;Alucooma;x
463;159;113;26;Kamsam;x
464;228;32;0;Keaney;x
465;209;155;96;Tujanka;x
466;91;43;54;Kisaac;x
467;120;199;2;Kahefiy;x
468;231;201;40;Leupur;x
469;185;174;36;Raurde;x
470;92;203;5;Balca;x
471;225;160;113;Ekelelme;x
472;64;125;56;Renost;x
473;118;194;105;Tetelia;x
474;86;32;7;Loma;x
475;145;187;78;Arenarma;x
476;137;163;113;Tialn;x
477;88;174;50;Qiedas;x
478;189;124;107;Tanagan;x
479;189;196;121;Wokinn;x
480;207;182;60;Syehepes;x
481;236;178;16;Qeroan;x
482;254;214;0;Ryasutuq;x
483;122;119;66;Rereer;x
484;175;159;30;Dalilay;x
485;96;54;12;Egag;x
486;85;104;61;Qaring;x
487;230;81;38;Wabance;x
488;103;118;81;Tasing;x
489;104;129;76;Nedui;x
490;167;104;81;Ramata;x
491;187;206;14;Welond;x
492;81;51;64;Tavay;x
493;230;114;122;Ladew;x
494;83;250;113;Korort;x
495;125;186;91;Em;x
496;159;29;86;Rutunda;x
497;178;184;99;Tuderas;x
498;176;36;100;Laranu;x
499;74;181;2;Baluji;x
500;116;76;36;Awasuvje;x
501;93;43;18;Bisuall;x
502;249;45;76;Kakim;x
503;253;221;120;Wedengar;x
504;168;117;110;Rinaimi;x
505;164;108;90;Qumeya;x
506;172;101;3;Sisahim;x
507;199;61;34;Robiyah;x
508;228;137;124;Nuwima;x
509;218;88;125;Kibuji;x
510;162;99;22;Tegeyao;x
511;64;179;2;Qararam;x
512;187;58;29;Tareya;x
513;176;127;1;Amita;x
514;200;43;62;Quanakk;x
515;116;233;113;Binius;x
516;204;104;52;Ajabiana;x
517;244;125;109;Tucoras;x
518;213;124;9;Kayoll;x
519;188;16;12;Etarin;x
520;90;213;108;Kolaida;x
521;245;210;17;Segevi;x
522;131;114;81;Takati;x
523;164;92;18;Sarutuq;x
524;159;0;120;Kobenia;x
525;216;191;10;Ryunifa;x
526;182;72;40;Tauleca;x
527;175;116;44;Rer-Ict;x
528;78;17;86;Diusevi;x
529;246;148;103;Rafelen;x
530;103;149;34;Ejacuma;x
531;219;104;22;Adomihal;x
532;196;33;82;Estelen;x
533;216;254;19;Qeneth;x
534;241;178;76;Terna;x
535;224;76;77;Eterara;x
536;199;162;60;Turyze;x
537;98;252;122;Revenda;x
538;184;52;80;Suall;x
539;128;23;119;Dinild;x
540;187;227;28;Nanama;x
541;84;95;102;Aburi;x
542;206;90;76;Eterisa;x
543;165;27;101;Tibeph;x
544;102;26;91;Solenzu;x
545;94;106;63;Tuzaram;x
546;70;44;60;Tonantia;x
547;163;5;121;Larey;x
548;125;10;59;Lebegen;x
549;184;100;92;Qyaraqar;x
550;111;92;53;Wenzu;x
551;175;185;67;Wanena;x
552;214;123;48;Rebena;x
553;237;83;78;Apetakk;x
554;122;45;122;Risui;x
555;249;143;87;Kohing;x
556;232;21;18;Bebulay;x
557;249;191;63;Kelew;x
558;154;48;79;Daros;x
559;241;137;38;Kohele;x
560;132;233;35;Alela;x
561;157;30;100;Arodiya;x
562;73;4;33;Agodubb;x
563;132;195;79;Apagaac;x
564;132;211;120;Tucoste;x
565;94;47;47;Kemying;x
566;191;22;74;Kelolam;x
567;181;68;39;Agalonse;x
568;239;118;4;Nonno;x
569;202;55;66;Qyuo;x
570;194;173;81;Koste;x
571;188;44;71;Wucuzma;x
572;221;16;84;Lecyka;x
573;215;195;79;Tasazd;x
574;202;65;31;Ageruzh;x
575;87;163;68;Kerand;x
576;201;125;82;Leloan;x
577;107;79;4;Azaynine;x
578;87;172;4;Ereka;x
579;114;82;93;Tagyka;x
580;219;213;11;Tasoete;x
581;120;168;80;Badenda;x
582;63;84;81;Nodiyah;x
583;140;236;97;Narifa;x
584;147;133;39;Tulavid;x
585;156;50;6;Ecleva;x
586;242;19;15;Terakrim;x
587;176;150;59;Esiruall;x
588;182;226;6;Sugike;x
589;196;97;92;Loruraq;x
590;95;142;39;Kamold;x
591;78;63;45;Byasapa;x
592;188;6;123;Seleah;x
593;113;199;88;Kodima;x
594;251;99;99;Sakerge;x
595;234;248;26;Talati;x
596;67;223;52;Tatili;x
597;137;227;43;Sayliz;x
598;150;182;83;Neyfine;x
599;150;103;64;Balirai;x
600;218;124;4;Deman;x
601;125;170;37;Rorepi;x
602;159;164;4;Ruoranos;x
603;232;247;101;Kagina;x
604;170;239;44;Kawayor;x
605;90;39;26;Lilkas;x
606;89;74;15;Weiraret;x
607;138;85;121;Esainena;x
608;69;91;96;Qarala;x
609;211;44;9;Toluvje;x
610;121;98;41;Tialay;x
611;87;199;112;Aterelen;x
612;70;70;94;Kotyka;x
613;193;18;107;Emisibor;x
614;133;191;67;Tazimon;x
615;200;186;35;Basaya;x
616;144;196;8;Eilohan;x
617;175;186;120;Rorade;x
618;160;117;100;Ramampa;x
619;71;123;116;Sinala;x
620;232;188;70;Emareek;x
621;171;237;72;Benana;x
622;178;232;16;Qered;x
623;203;122;20;Labdisii;x
624;209;23;6;Teran;x
625;73;237;114;Roragha;x
626;79;206;125;Deirim;x
627;114;247;24;Baqarma;x
628;143;180;55;Raralih;x
629;119;181;80;Qyevons;x
630;110;183;123;Nacijah;x
631;247;218;48;Bupo;x
632;198;176;37;Duop;x
633;125;204;86;Sameni;x
634;75;161;0;Romomir;x
635;157;182;88;Rotyamo;x
636;133;163;120;Remuara;x
637;205;241;61;Qena;x
638;129;254;105;Elided;x
639;103;177;47;Karicta;x
640;233;130;88;Kizulan;x
641;87;239;104;Negin;x
642;106;159;18;Eranura;x
643;100;184;115;Qinanka;x
644;249;33;24;Totyamo;x
645;142;248;10;Wotand;x
646;138;232;93;Qasazi;x
647;172;2;69;Savo;x
648;175;81;75;Belal;x
649;144;173;18;Lemayn;x
650;171;53;62;Kisusbu;x
651;212;52;100;Tenagha;x
652;184;97;91;Kanakra;x
653;90;190;93;Rirasus;x
654;163;57;90;Kyupo;x
655;244;180;96;Enarim;x
656;215;184;33;Barasa;x
657;191;102;36;Egaledey;x
658;242;231;10;Kobaram;x
659;71;216;55;Rilkas;x
660;250;91;117;Soley;x
661;94;147;7;Raqar;x
662;210;167;71;Taboke;x
663;102;96;90;Werenda;x
664;227;80;14;Rorirve;x
665;202;154;4;Wizoja;x
666;169;72;54;Wonse;x
667;77;171;43;Akaminga;x
668;189;17;52;Kaymama;x
669;200;117;99;Rateeli;x
670;83;214;69;Qalalka;x
671;96;92;2;Rasepes;x
672;74;144;20;Telafu;x
673;213;112;33;Rurong;x
674;140;33;93;Qusais;x
675;232;231;21;Riin;x
676;138;196;8;Taverro;x
677;188;210;95;Subyuk;x
678;147;176;46;Etrayaad;x
679;222;135;36;Kebish;x
680;219;70;71;Wenory;x
681;209;193;115;Egabaghu;x
682;177;203;0;Akaluraq;x
683;145;95;52;Reloila;x
684;65;250;77;Kajit;x
685;179;235;27;Kinomir;x
686;214;68;104;Wuragan;x
687;178;124;60;Ducune;x
688;123;194;50;Kory;x
689;71;229;45;Ewalajit;x
690;116;218;96;Bohn;x
691;232;58;55;Lagita;x
692;161;162;8;Lyuha;x
693;208;45;29;Kalaf;x
694;114;83;13;Toman;x
695;182;37;42;Taazika;x
696;215;18;105;Leyeos;x
697;166;196;126;Kyasika;x
698;196;129;34;Tenupo;x
699;107;39;96;Tosavo;x
700;130;201;52;Arela;x
701;122;38;106;Segeras;x
702;207;60;63;Sodyka;x
703;113;215;93;Koumike;x
704;215;216;61;Keminda;x
705;138;233;110;Ethotte;x
706;140;97;53;Neonala;x
707;163;79;62;Qaneer;x
708;179;152;30;Rucida;x
709;72;1;37;Tarakk;x
710;96;236;118;Erakr;x
711;120;135;20;Tanelen;x
712;72;184;71;Daroise;x
713;235;174;96;Tucigun;x
714;212;174;68;Taneyao;x
715;157;157;54;Talenna;x
716;174;165;30;Binuna;x
717;215;166;78;Durassa;x
718;233;0;104;Tanippin;x
719;180;151;81;Loj;x
720;238;82;5;Lerolas;x
721;129;167;12;Basevi;x
722;132;209;116;Tacaula;x
723;113;48;10;Warena;x
724;73;186;106;Qan;x
725;148;219;5;Titanka;x
726;183;61;125;Salilen;x
727;111;106;119;Lilaig;x
728;147;61;14;Qamunka;x
729;243;229;60;Emawud;x
730;186;245;110;Areinoa;x
731;128;1;88;Webine;x
732;117;167;46;Abusbu;x
733;70;25;35;Nenzu;x
734;233;28;75;Salka;x
735;97;198;106;Etoyau;x
736;156;150;64;Rikahra;x
737;253;207;86;Kevur;x
738;119;37;55;Akujai;x
739;108;39;10;Dauloul;x
740;140;198;61;Kodew;x
741;67;226;91;Todach;x
742;212;253;63;Wamavo;x
743;89;138;85;Etrald;x
744;164;252;59;Qajayim;x
745;253;142;70;Ruitlu;x
746;66;235;24;Kusory;x
747;114;47;95;Ledila;x
748;225;53;98;Risuall;x
749;165;215;100;Tusohn;x
750;209;64;48;Welaram;x
751;135;100;74;Kasukar;x
752;66;27;71;Lanyamo;x
753;126;83;19;Kizarun;x
754;159;162;85;Lava;x
755;151;109;88;Seleva;x
756;245;1;98;Naluzma;x
757;171;211;38;Eleahpen;x
758;200;89;68;Dathedey;x
759;115;130;19;Wying;x
760;153;14;62;Adageer;x
761;194;247;109;Dakenda;x
762;84;209;62;Esee;x
763;186;87;99;Ryeju;x
764;223;184;100;Nacoka;x
765;99;197;50;Lozalka;x
766;117;168;31;Kodulun;x
767;244;109;30;Kizuda;x
768;180;87;84;Kodinaj;x
769;146;202;67;Taran;x
770;128;79;11;Akugam;x
771;69;55;89;Wisaqar;x
772;114;42;42;Kolukpo;x
773;111;31;47;Sojeer;x
774;149;167;6;Sinyka;x
775;156;118;47;Riatava;x
776;117;29;20;Keana;x
777;170;109;103;Tiatate;x
778;100;14;78;Samonas;x
779;254;204;102;Lereinn;x
780;73;58;125;Dakaya;x
781;105;3;86;Kayafu;x
782;219;153;54;Wodamd;x
783;156;127;116;Qaseek;x
784;245;238;39;Lotad;x
785;236;38;24;Qenotho;x
786;235;193;76;Tate;x
787;220;175;41;Eburita;x
788;101;29;122;Kisipaz;x
789;77;148;86;Averim;x
790;252;3;74;Kanemir;x
791;212;253;105;Beyao;x
792;246;77;20;Dalair;x
793;209;17;58;Kulisce;x
794;208;198;20;Nyonu;x
795;162;133;109;Losana;x
796;229;95;111;Aguidy;x
797;150;0;9;Dinyuchi;x
798;74;103;60;Lathani;x
799;198;120;108;Benegs;x
800;237;166;46;Tautaac;x
801;92;5;77;Adaguti;x
802;246;241;10;Rohali;x
803;98;92;9;Emegobos;x
804;226;137;32;Erefeni;x
805;146;53;4;Deyfion;x
806;86;43;25;Ehyhan;x
807;137;226;40;Konimon;x
808;233;151;52;Rehampa;x
809;118;35;39;Qyadaig;x
810;189;60;122;Labdina;x
811;127;193;124;Lobaud;x
812;102;69;117;Bakoja;x
813;178;95;56;Beleuta;x
814;107;145;49;Sahemma;x
815;192;165;126;Denain;x
816;107;143;17;Kying;x
817;65;87;72;Adeyao;x
818;202;113;27;Rutaani;x
819;100;103;34;Ronto;x
820;70;82;41;Athong;x
821;142;146;111;Kibinie;x
822;129;55;27;Amadeusz;x
823;211;31;81;Ahjeth;x
824;103;46;0;Kahara;x
825;122;80;26;Ler;x
826;223;74;88;Tenart;x
827;70;94;69;Tusash;x
828;223;187;37;Byusyt;x
829;238;59;11;Radili;x
830;82;116;27;Saboras;x
831;222;250;25;Tiubuna;x
832;220;253;71;Runda;x
833;87;172;21;Kaymele;x
834;235;156;23;Laning;x
835;223;85;66;Keupawud;x
836;196;10;126;Bumunai;x
837;116;77;23;Aniceis;x
838;148;157;4;Korohn;x
839;235;170;95;Denar;x
840;145;92;6;Abiurong;x
841;73;104;113;Rabula;x
842;68;155;6;Deextus;x
843;249;74;46;Ajobuha;x
844;125;106;114;Sisau;x
845;228;59;105;Acluida;x
846;159;1;80;Daisou;x
847;67;211;90;Ralarun;x
848;87;183;10;Tadoul;x
849;198;191;29;Asopyka;x
850;148;52;94;Atuberic;x
851;203;162;109;Dumandar;x
852;214;19;12;Ajobuida;x
853;184;43;6;Wirit;x
854;109;11;103;Sicilda;x
855;152;141;111;Bemoste;x
856;240;108;115;Larizhen;x
857;209;29;80;Akamiya;x
858;75;22;3;Ranili;x
859;210;170;16;Sawemir;x
860;107;74;35;Rikavy;x
861;99;8;69;Banory;x
862;199;16;121;Etena;x
863;109;182;36;Dyeju;x
864;91;236;81;Epedula;x
865;76;190;76;Linon;x
866;201;239;9;Abhipaz;x
867;229;204;114;Kumoura;x
868;94;224;30;Wina;x
869;212;70;72;Qalunda;x
870;64;133;36;Lizarun;x
871;157;190;4;Rumashi;x
872;214;9;50;Teuves;x
873;103;47;72;Byiga;x
874;94;236;102;Taronne;x
875;180;40;89;Tegara;x
876;65;10;85;Wala;x
877;243;150;95;Kabdenia;x
878;107;190;24;Tehoura;x
879;146;172;62;Roheas;x
880;156;105;49;Ralijah;x
881;159;193;104;Wyes;x
882;133;124;10;Ruvaul;x
883;220;61;66;Tedisa;x
884;240;214;80;Tolaac;x
885;212;209;60;Damalda;x
886;68;104;41;Elordan;x
887;212;71;66;Babdajid;x
888;164;166;38;Wacyl;x
889;116;154;8;Ehawemir;x
890;211;235;94;Wegost;x
891;220;223;81;Kogiam;x
892;99;205;122;Wevou;x
893;239;206;82;Ejaralp;x
894;165;98;65;Roanory;x
895;252;152;94;Taromas;x
896;69;139;64;Samiam;x
897;243;10;85;Byho;x
898;151;107;57;Sezou;x
899;254;166;94;Neline;x
900;195;77;61;Niubald;x
901;196;2;125;Luhailo;x
902;222;173;95;Kayyubt;x
903;202;56;106;Kohajit;x
904;83;102;117;Asuviel;x
905;87;57;106;Aravayla;x
906;148;112;119;Razesha;x
907;84;131;80;Wageni;x
908;99;209;110;Telugei;x
909;80;7;23;Kulian;x
910;93;137;93;Temandar;x
911;123;27;64;Sainay;x
912;209;123;90;Lohisa;x
913;249;107;14;Releth;x
914;158;154;12;Kebozar;x
915;130;68;1;Luran;x
916;147;49;47;Tamuda;x
917;162;125;62;Eljumay;x
918;172;5;102;Tadou;x
919;82;215;70;Kizudo;x
920;221;253;117;Qili;x
921;136;94;9;Amoqawma;x
922;115;147;117;Wurafiy;x
923;93;30;23;Larrao;x
924;145;112;116;Epamalka;x
925;145;214;84;Bemoka;x
926;205;139;25;Kyaa;x
927;78;129;24;Avitutai;x
928;81;34;117;Adouwite;x
929;187;121;8;Nahoete;x
930;180;129;55;Abisipaz;x
931;92;135;87;Eninivi;x
932;105;203;24;Ninatia;x
933;123;246;46;Tinena;x
934;79;66;117;Toth;x
935;82;172;75;Walof;x
936;169;35;21;Roor;x
937;247;237;35;Wazed;x
938;119;7;114;Tiye;x
939;237;3;19;Rulohn;x
940;90;4;92;Renying;x
941;196;207;35;Emiwan;x
942;152;49;95;Werubb;x
943;168;53;29;Dasing;x
944;131;99;75;Kagnus;x
945;179;228;80;Tevuta;x
946;179;245;6;Wosalan;x
947;102;166;125;Wimintis;x
948;143;35;16;Egopohan;x
949;67;87;85;Lagarna;x
950;81;151;20;Kuditula;x
951;128;195;66;Raroor;x
952;223;240;113;Timair;x
953;232;103;24;Keupeta;x
954;161;29;21;Qerelle;x
955;86;104;73;Kokong;x
956;137;45;2;Teotia;x
957;192;125;25;Bacita;x
958;142;227;10;Doduis;x
959;172;67;111;Qautine;x
960;231;24;21;Kava;x
961;68;153;15;Kareuta;x
962;118;227;19;Tubatka;x
963;82;159;13;Koraud;x
964;242;133;20;Kobuti;x
965;153;0;2;Leonying;x
966;77;37;113;Lahyan;x
967;105;193;23;Kurtai;x
968;120;212;113;Nitiisa;x
969;199;112;46;Etamarya;x
970;235;143;3;Liguta;x
971;199;39;43;Qanunai;x
972;218;249;0;Ryho;x
973;127;73;86;Kelieter;x
974;124;250;8;Rold;x
975;196;93;21;Kodeer;x
976;89;70;29;Balam;x
977;233;16;68;Ranjhi;x
978;165;114;52;Larard;x
979;249;26;100;Tefisa;x
980;231;174;76;Dudunya;x
981;78;172;29;Lietire;x
982;119;86;26;Wyaseria;x
983;93;67;46;Relilof;x
984;245;119;125;Baurezo;x
985;68;84;108;Satas;x
986;245;97;116;Ahawuida;x
987;114;34;19;Temukpo;x
988;180;110;60;Kobathi;x
989;147;182;79;Akaul;x
990;109;139;78;Qattan;x
991;234;233;72;Asona;x
992;167;32;104;Budelen;x
993;72;92;111;Lamelec;x
994;197;26;80;Tadoya;x
995;112;183;7;Keunda;x
996;103;15;20;Kiludo;x
997;209;102;30;Bimais;x
998;155;141;65;Ritita;x
999;99;252;109;Erowen;x
1000;212;47;66;Kanari;x
1001;155;250;69;Tohenes;x
1002;115;138;0;Rierrio;x
1003;142;225;41;Riseda;x
1004;114;235;27;Walesar;x
1005;81;118;23;Sahusi;x
1006;187;82;61;Diseda;x
1007;148;164;107;Tettin;x
1008;117;65;50;Ezantay;x
1009;187;113;103;Kerair;x
1010;211;43;101;Rabarin;x
1011;246;76;57;Tuoxun;x
1012;229;178;12;Renusa;x
1013;156;25;93;Nasuatl;x
1014;194;171;117;Natd;x
1015;159;46;60;Reupail;x
1016;114;99;23;Lapudo;x
1017;238;220;78;Wyasimir;x
1018;197;192;1;Atatira;x
1019;134;198;113;Limava;x
1020;145;248;25;Secusi;x
1021;208;207;110;Ericemma;x
1022;142;46;63;Rabozar;x
1023;145;56;79;Qilotus;x
1024;215;168;118;Tazuko;x
1025;122;35;40;Tucaul;x
1026;224;76;116;Wiludo;x
1027;229;124;49;Aprarma;x
1028;224;82;105;Reciruz;x
1029;79;53;9;Dadost;x
1030;217;218;100;Nogoj;x
1031;111;214;60;Raisalio;x
1032;96;133;100;Deiroro;x
1033;69;109;77;Kemian;x
1034;153;251;67;Qahusi;x
1035;116;119;65;Etulun;x
1036;170;240;6;Recubb;x
1037;90;233;77;Nucash;x
1038;103;168;105;Dilaz;x
1039;127;112;12;Nibosz;x
1040;124;250;91;Kileusz;x
1041;192;90;76;Adilika;x
1042;122;93;32;Bosoch;x
1043;139;73;1;Egasin;x
1044;211;247;77;Termali;x
1045;192;248;123;Nizozar;x
1046;103;50;1;Kukahtu;x
1047;135;52;126;Sogert;x
1048;109;247;57;Dadarya;x
1049;93;131;80;Tilelm;x
1050;236;39;63;Qoreer;x
1051;211;230;93;Nawumay;x
1052;222;11;42;Naruko;x
1053;183;103;48;Wananga;x
1054;219;16;89;Esuvund;x
1055;128;108;58;Rolke;x
1056;74;128;40;Azilay;x
1057;204;8;118;Bolimon;x
1058;147;88;53;Qerael;x
1059;121;4;25;Raratia;x
1060;156;204;99;Ramalda;x
1061;133;197;47;Lareth;x
1062;88;172;68;Sandu;x
1063;194;16;111;Disyze;x
1064;95;131;85;Noka;x
1065;168;45;28;Touwyad;x
1066;88;135;32;Tubampa;x
1067;128;146;6;Tarunda;x
1068;194;73;9;Neiruk;x
1069;167;225;106;Wetari;x
1070;227;164;11;Sidia;x
1071;194;91;67;Kasion;x
1072;146;106;17;Kamawud;x
1073;165;75;112;Kotonas;x
1074;190;154;95;Kudidia;x
1075;252;39;4;Kaiti;x
1076;248;136;1;Togimha;x
1077;174;22;22;Denzo;x
1078;81;233;78;Kamilay;x
1079;230;76;52;Qiesi;x
1080;165;201;103;Kameuba;x
1081;212;144;38;Kanaba;x
1082;134;74;87;Sapavid;x
1083;234;96;28;Kiraham;x
1084;187;196;13;Radyab;x
1085;243;180;48;Emolun;x
1086;142;83;110;Ketabba;x
1087;192;70;9;Kozar;x
1088;239;204;26;Tawevon;x
1089;173;91;54;Tularan;x
1090;92;33;74;Bororgia;x
1091;204;158;59;Dunaba;x
1092;139;252;6;Tagita;x
1093;176;141;14;Belgil;x
1094;83;66;33;Dyal;x
1095;241;67;78;Dareka;x
1096;243;48;68;Rinoa;x
1097;195;52;99;Qiudaac;x
1098;105;211;123;Kumann;x
1099;83;165;69;Wurakin;x
1100;232;222;86;Ademaicu;x
1101;121;169;34;Nilani;x
1102;79;134;119;Ritva;x
1103;222;89;38;Sidilal;x
1104;67;232;79;Tamata;x
1105;195;156;48;Ekamacob;x
1106;108;57;112;Kenipaz;x
1107;171;241;50;Bahava;x
1108;174;71;76;Tudo;x
1109;211;152;57;Sagoka;x
1110;243;178;52;Taloanna;x
1111;139;104;44;Totasus;x
1112;89;218;76;Resitya;x
1113;137;72;35;Taxeth;x
1114;155;45;57;Ravira;x
1115;71;220;37;Athosz;x
1116;240;205;113;Tadyai;x
1117;191;251;39;Wert;x
1118;243;130;109;Debas;x
1119;189;68;3;Rechai;x
1120;217;46;12;Raop;x
1121;177;118;100;Nauruti;x
1122;67;30;88;Kisari;x
1123;244;221;123;Kineco;x
1124;136;29;83;Rinenku;x
1125;67;48;116;Kiara;x
1126;89;13;44;Ditulun;x
1127;65;182;117;Torika;x
1128;138;32;74;Rinurd;x
1129;227;107;62;Topluk;x
1130;72;46;4;Belme;x
1131;154;127;8;Beman;x
1132;96;14;40;Radayla;x
1133;200;52;47;Tarella;x
1134;226;213;52;Tadoila;x
1135;168;23;14;Telamd;x
1136;164;124;25;Randew;x
1137;226;99;83;Senya;x
1138;231;8;119;Evleorge;x
1139;90;211;40;Kininu;x
1140;185;192;110;Taliur;x
1141;227;50;50;Epawud;x
1142;82;6;106;Bilania;x
1143;109;103;83;Lalabha;x
1144;209;249;4;Naruin;x
1145;173;96;84;Lamert;x
1146;119;218;101;Taususha;x
1147;158;137;52;Saniek;x
1148;175;52;68;Rabuyan;x
1149;121;87;78;Dira;x
1150;218;90;80;Egalael;x
1151;121;45;62;Tagamr;x
1152;237;49;102;Nola-Va;x
1153;173;182;68;Nisam;x
1154;92;46;8;Seteva;x
1155;153;225;56;Riloman;x
1156;66;18;67;Acasann;x
1157;204;204;109;Ahederd;x
1158;237;139;56;Renudo;x
1159;95;111;106;Liruatl;x
1160;193;254;62;Nenozar;x
1161;206;68;90;Alank;x
1162;163;102;7;Dizalotl;x
1163;234;42;40;Nola;x
1164;84;163;111;Tivudo;x
1165;238;253;71;Dakevon;x
1166;173;69;111;Tolalih;x
1167;215;160;60;Rivurd;x
1168;150;102;15;Nilof;x
1169;167;156;70;Kudak;x
1170;198;57;9;Egreya;x
1171;85;132;82;Anira;x
1172;135;65;62;Baluti;x
1173;75;143;10;Qagunai;x
1174;113;238;81;Keajit;x
1175;122;74;86;Wolalotl;x
1176;144;89;124;Esadeir;x
1177;174;182;56;Sopan;x
1178;245;112;85;Kasavid;x
1179;206;20;117;Evasora;x
1180;126;153;119;Kekarak;x
1181;171;175;92;Teonale;x
1182;118;206;36;Kilyana;x
1183;108;201;85;Ragyula;x
1184;137;253;114;Qaping;x
1185;66;206;30;Rivudo;x
1186;197;166;43;Korail;x
1187;243;225;126;Rasun;x
1188;81;163;84;Kitiisa;x
1189;131;138;70;Anarita;x
1190;80;97;10;Elupuyan;x
1191;204;133;86;Sicuzh;x
1192;238;65;43;Qusith;x
1193;87;135;62;Secol;x
1194;194;240;105;Kesh;x
1195;217;4;19;Qanou;x
1196;222;41;57;Naheer;x
1197;192;43;39;Reryuk;x
1198;151;222;34;Keting;x
1199;183;66;23;Qolesh;x
1200;198;234;48;Kekouhi;x
1201;251;142;103;Sazara;x
1202;99;153;107;Tuirn;x
1203;211;237;50;Tuminde;x
1204;225;42;73;Sinella;x
1205;91;8;26;Qeseka;x
1206;125;64;82;Egorobos;x
1207;93;162;114;Dagalgi;x
1208;129;113;2;Rashi;x
1209;101;74;28;Acasiga;x
1210;121;85;0;Tinaud;x
1211;80;226;77;Qasudo;x
1212;216;143;109;Tari;x
1213;124;249;34;Ezunania;x
1214;235;87;56;Kamali;x
1215;211;241;53;Baliya;x
1216;213;60;32;Enyuns;x
1217;85;70;36;Wubate;x
1218;66;164;21;Karutai;x
1219;201;246;93;Etibegin;x
1220;134;242;56;Walema;x
1221;73;104;49;Kohas;x
1222;124;177;82;Tavka;x
1223;123;178;95;Kedous;x
1224;100;40;98;Asoras;x
1225;227;116;57;Lemuara;x
1226;144;75;63;Turavy;x
1227;121;27;35;Qagoshi;x
1228;124;102;31;Wedigo;x
1229;158;229;66;Sermukmo;x
1230;67;104;67;Binyay;x
1231;150;169;14;Rarella;x
1232;87;101;55;Raviuva;x
1233;92;115;124;Rawuara;x
1234;149;252;120;Reinohn;x
1235;64;27;68;Toviuva;x
1236;203;134;29;Kisune;x
1237;163;137;66;Qilen;x
1238;153;19;103;Lesotia;x
1239;115;73;85;Navid;x
1240;73;26;92;Wedous;x
1241;243;108;19;Ejofinio;x
1242;219;192;4;Nudoj;x
1243;143;144;73;Qijenda;x
1244;244;66;126;Atielih;x
1245;212;188;71;Adigo;x
1246;81;119;100;Takh;x
1247;110;196;13;Tanavid;x
1248;198;75;113;Boghan;x
1249;253;65;114;Ekirit;x
1250;91;159;6;Nanodia;x
1251;207;40;94;Tamita;x
1252;158;42;42;Wagelmo;x
1253;219;79;16;Kaboshi;x
1254;147;183;59;Sarezo;x
1255;87;44;32;Qeineth;x
1256;223;249;54;Roumoda;x
1257;99;19;109;Kinegin;x
1258;167;149;3;Lacoan;x
1259;78;198;27;Dyasateh;x
1260;242;37;99;Tetona;x
1261;240;252;16;Watilal;x
1262;232;19;41;Raihona;x
1263;147;78;23;Tadetar;x
1264;128;143;23;Tigira;x
1265;96;95;67;Banihui;x
1266;229;238;27;Tusith;x
1267;126;98;1;Tulokal;x
1268;150;222;31;Karogs;x
1269;182;199;64;Dupou;x
1270;171;121;56;Taura;x
1271;168;82;42;Daleki;x
1272;212;232;28;Telaoge;x
1273;145;65;21;Esamin;x
1274;191;121;109;Rilalil;x
1275;111;168;42;Waranta;x
1276;202;92;40;Nosunai;x
1277;243;200;46;Tujiwen;x
1278;99;132;122;Azozulk;x
1279;177;54;96;Resemka;x
1280;211;163;18;Sekira;x
1281;91;139;53;Dareva;x
1282;159;54;57;Daherne;x
1283;191;182;19;Redekay;x
1284;111;118;96;Wimude;x
1285;242;92;89;Wupuna;x
1286;246;156;29;Biderin;x
1287;198;173;63;Lolain;x
1288;228;129;77;Teniek;x
1289;121;201;115;Kebourou;x
1290;249;123;107;Waig;x
1291;175;131;67;Kanain;x
1292;97;55;47;Kudyad;x
1293;79;195;123;Rarika;x
1294;221;94;3;Ramitya;x
1295;110;13;78;Egojanja;x
1296;207;16;26;Kasad;x
1297;230;99;35;Tusihui;x
1298;230;166;108;Reirith;x
1299;80;208;4;Tacasus;x
1300;162;80;23;Dajund;x
1301;166;172;35;Raicuslo;x
1302;199;123;99;Senekay;x
1303;82;56;66;Keriyah;x
1304;68;205;120;Sutahat;x
1305;80;107;52;Regicta;x
1306;98;211;29;Namekel;x
1307;76;160;17;Tasar;x
1308;249;40;79;Tukahu;x
1309;117;59;111;Sarofie;x
1310;157;176;79;Qajeco;x
1311;101;199;56;Ryusian;x
1312;213;139;120;Raihund;x
1313;102;218;102;Sorahat;x
1314;218;66;24;Ributlu;x
1315;92;163;80;Narahu;x
1316;252;56;24;Ruganyo;x
1317;210;114;29;Qusbu;x
1318;217;146;82;Nelusha;x
1319;207;208;40;Bumann;x
1320;209;203;20;Loucoul;x
1321;78;57;47;Kuwe;x
1322;121;79;102;Qahanyo;x
1323;148;15;42;Lacya;x
1324;207;186;97;Tojosa;x
1325;165;48;113;Asins;x
1326;74;65;114;Rumita;x
1327;252;15;59;Sarotan;x
1328;238;71;28;Kerule;x
1329;186;250;3;Delaz;x
1330;69;53;119;Rekain;x
1331;249;208;78;Eviacall;x
1332;76;221;73;Telobos;x
1333;234;8;100;Riatan;x
1334;91;77;94;Nohas;x
1335;114;88;90;Likinie;x
1336;160;237;92;Ragakh;x
1337;68;10;121;Dadall;x
1338;143;247;80;Semuno;x
1339;222;19;76;Sehayya;x
1340;166;247;49;Syua;x
1341;198;183;117;Bipole;x
1342;208;85;97;Korert;x
1343;244;146;111;Agabiwan;x
1344;94;2;63;Evyet;x
1345;228;85;53;Rineka;x
1346;122;40;7;Bausis;x
1347;171;127;0;Tyanall;x
1348;135;122;78;Dukim;x
1349;205;6;45;Qiolng;x
1350;119;47;46;Secilal;x
1351;120;159;100;Daneuta;x
1352;153;32;88;Kesarma;x
1353;91;78;49;Ahonn;x
1354;170;107;45;Rangar;x
1355;92;191;121;Kamitya;x
1356;214;159;21;Solall;x
1357;121;54;13;Banaaz;x
1358;214;150;75;Delemba;x
1359;142;235;43;Echeas;x
1360;70;91;106;Borad;x
1361;169;172;57;Asamarma;x
1362;136;246;22;Ebenann;x
1363;200;26;46;Biutl;x
1364;211;8;58;Likan;x
1365;250;121;34;Wine;x
1366;124;200;122;Wegari;x
1367;230;156;8;Raroska;x
1368;102;196;4;Nilaga;x
1369;101;237;98;Wilomas;x
1370;81;94;75;Bisan;x
1371;215;57;66;Simugno;x
1372;204;202;103;Ronotia;x
1373;197;238;64;Raland;x
1374;223;120;45;Nataga;x
1375;172;134;40;Somayka;x
1376;184;232;6;Toria;x
1377;87;92;2;Daetulk;x
1378;104;103;82;Ranatan;x
1379;215;115;18;Koqomez;x
1380;128;167;9;Dahoald;x
1381;177;48;99;Lamilge;x
1382;131;0;10;Eralita;x
1383;80;102;21;Kyaca;x
1384;182;64;121;Akad;x
1385;90;153;67;Bilund;x
1386;96;213;122;Edrasta;x
1387;254;33;119;Liciwan;x
1388;143;107;46;Sawfiq;x
1389;106;111;102;Dalusbu;x
1390;253;194;105;Wusha;x
1391;137;14;55;Kocarid;x
1392;224;135;64;Dacand;x
1393;192;244;28;Biduna;x
1394;253;68;111;Divuna;x
1395;87;217;61;Talka;x
1396;230;159;20;Akari;x
1397;84;163;105;Bitene;x
1398;114;39;9;Rupund;x
1399;204;119;58;Beonita;x
1400;211;122;72;Ryanonse;x
1401;221;16;116;Kaicibor;x
1402;196;144;25;Sirutic;x
1403;168;168;0;Tyt;x
1404;246;46;20;Kerahtu;x
1405;219;86;63;Wieyuun;x
1406;177;151;16;Asaulaha;x
1407;107;236;87;Ascatan;x
1408;91;117;10;Tourou;x
1409;214;145;7;Telite;x
1410;141;110;70;Qabitya;x
1411;133;139;22;Sasyab;x
1412;118;126;81;Kaikinai;x
1413;236;248;5;Bajaih;x
1414;66;102;124;Kogund;x
1415;108;195;7;Rimars;x
1416;72;229;66;Davaly;x
1417;116;231;25;Lorobos;x
1418;117;30;104;Tibegin;x
1419;101;207;33;Elamatha;x
1420;163;61;27;Wehinus;x
1421;157;238;6;Tekala;x
1422;152;157;48;Donapur;x
1423;174;80;93;Bibeelo;x
1424;171;164;101;Karabai;x
1425;194;106;57;Kexuslo;x
1426;211;98;27;Qagira;x
1427;123;29;14;Badank;x
1428;168;220;31;Kodian;x
1429;119;154;59;Qyald;x
1430;98;248;25;Qanine;x
1431;155;13;106;Kapakk;x
1432;93;135;1;Edine;x
1433;71;71;124;Terosz;x
1434;230;44;122;Dating;x
1435;126;74;98;Kosora;x
1436;172;101;39;Dunin;x
1437;129;40;82;Rormoz;x
1438;78;173;89;Kolas;x
1439;132;47;121;Ecotirma;x
1440;78;216;76;Saratis;x
1441;87;26;25;Esateis;x
1442;133;166;84;Qoraba;x
1443;220;65;109;Etatanna;x
1444;169;68;62;Rudah;x
1445;216;233;77;Tachine;x
1446;87;177;43;Ramyang;x
1447;82;3;109;Welesh;x
1448;162;126;90;Keleytn;x
1449;82;25;16;Tavicta;x
1450;105;128;95;Asahinus;x
1451;138;145;104;Segil;x
1452;209;23;45;Eninutic;x
1453;152;102;107;Tavish;x
1454;85;153;37;Anella;x
1455;147;229;75;Wiacall;x
1456;122;249;105;Kobard;x
1457;198;37;35;Kerergun;x
1458;175;179;90;Qula;x
1459;90;125;101;Qarita;x
1460;156;176;108;Ejesine;x
1461;74;143;24;Byud;x
1462;125;94;99;Nanarin;x
1463;161;174;94;Waviya;x
1464;149;141;13;Ranorz;x
1465;221;63;104;Ehine;x
1466;78;35;105;Wadali;x
1467;173;152;102;Rizuatl;x
1468;84;206;77;Qanarin;x
1469;112;167;102;Ragui;x
1470;244;128;115;Asalard;x
1471;200;209;95;Natizam;x
1472;188;49;99;Rezain;x
1473;233;43;5;Tivoska;x
1474;137;198;102;Layania;x
1475;122;71;33;Dutennu;x
1476;90;59;41;Qeubka;x
1477;254;217;20;Ronazi;x
1478;130;113;63;Qeisred;x
1479;148;165;61;Ricins;x
1480;204;37;93;Borard;x
1481;166;53;34;Saaz;x
1482;116;66;53;Dolun;x
1483;111;178;15;Deram;x
1484;230;91;14;Karippa;x
1485;208;135;64;Lomayka;x
1486;159;49;43;Kahiek;x
1487;135;122;52;Nevaran;x
1488;177;69;3;Neineth;x
1489;144;102;101;Lumoman;x
1490;164;41;125;Ropama;x
1491;65;9;41;Tavapur;x
1492;204;92;18;Keleth;x
1493;182;194;58;Dyia;x
1494;75;128;73;Loputlu;x
1495;119;133;22;Lanoka;x
1496;67;114;113;Nund;x
1497;86;177;64;Naboun;x
1498;150;59;66;Kurya;x
1499;195;24;19;Elund;x
1500;184;133;118;Tohaka;x
1501;135;151;55;Nenatta;x
1502;82;38;47;Tahti;x
1503;203;192;34;Qakule;x
1504;181;179;100;Agerati;x
1505;164;204;26;Edilal;x
1506;69;101;83;Qedand;x
1507;152;146;80;Baresh;x
1508;192;89;123;Latiek;x
1509;73;253;13;Tangar;x
1510;136;22;121;Qaconas;x
1511;223;59;32;Sapal;x
1512;174;228;18;Ladejda;x
1513;97;193;109;Kahefia;x
1514;202;89;93;Kenusi;x
1515;150;158;35;Lumita;x
1516;92;151;92;Wubinai;x
1517;167;152;39;Arars;x
1518;183;136;90;Bodilu;x
1519;107;151;87;Novayase;x
1520;91;14;10;Dyousse;x
1521;142;126;24;Tilielo;x
1522;165;241;97;Lubewal;x
1523;219;112;93;Safega;x
1524;214;71;14;Lumeuta;x
1525;109;176;111;Tomilda;x
1526;117;75;117;Teloksa;x
1527;232;141;77;Wutavo;x
1528;233;193;42;Lerann;x
1529;118;217;65;Noralo;x
1530;247;205;10;Doffer;x
1531;89;19;5;Qamas;x
1532;138;73;0;Tayavje;x
1533;227;0;39;Enarying;x
1534;188;205;46;Sarvin;x
1535;79;201;47;Libatta;x
1536;99;25;116;Waeseja;x
1537;186;223;71;Suroska;x
1538;218;200;100;Taseva;x
1539;160;169;77;Lorofie;x
1540;176;58;40;Nunofan;x
1541;226;54;54;Torideva;x
1542;144;195;100;Souana;x
1543;111;118;18;Rolabur;x
1544;179;47;59;Qiline;x
1545;217;94;93;Rasisii;x
1546;73;71;69;Beirein;x
1547;219;188;29;Rahu;x
1548;119;135;100;Siirpen;x
1549;85;95;38;Ecomegus;x
1550;250;92;2;Ruinomo;x
1551;254;67;31;Kilewar;x
1552;249;44;28;Saunind;x
1553;207;243;17;Wamatta;x
1554;98;111;12;Sanavo;x
1555;100;109;77;Nonada;x
1556;241;14;70;Adadeva;x
1557;228;130;7;Wajick;x
1558;246;100;38;Batal;x
1559;193;193;42;Dosutai;x
1560;127;70;2;Adunite;x
1561;204;44;24;Saksa;x
1562;209;203;83;Tumuna;x
1563;201;146;28;Senoka;x
1564;206;162;123;Donailo;x
1565;224;38;69;Sibuis;x
1566;71;202;113;Derew;x
1567;169;100;124;Runira;x
1568;108;77;115;Asadalgi;x
1569;204;105;92;Kitarak;x
1570;90;245;14;Qezuzer;x
1571;182;39;76;Waleodo;x
1572;188;83;50;Nasiyen;x
1573;131;157;92;Bimagos;x
1574;243;110;37;Nosardu;x
1575;68;120;20;Adobifa;x
1576;215;158;17;Losoku;x
1577;97;148;118;Saridis;x
1578;162;59;76;Epuhine;x
1579;206;138;25;Eradogna;x
1580;129;87;122;Kibine;x
1581;198;54;57;Efeisxi;x
1582;220;39;64;Wuzma;x
1583;204;228;96;Kadory;x
1584;186;151;79;Aolita;x
1585;224;233;55;Numencia;x
1586;213;96;112;Letebia;x
1587;68;115;74;Tarilia;x
1588;215;221;45;Seka;x
1589;251;184;112;Tecama;x
1590;63;98;8;Ahedand;x
1591;152;145;2;Kewar;x
1592;212;230;34;Tadoka;x
1593;223;81;59;Eiunes;x
1594;229;253;76;Qimidis;x
1595;86;158;74;Saralda;x
1596;118;68;27;Kicou;x
1597;142;211;101;Kinatta;x
1598;159;216;2;Borisla;x
1599;74;179;88;Lemar;x
1600;198;88;76;Alettil;x
1601;91;22;114;Tuowma;x
1602;166;5;57;Wuzniq;x
1603;168;141;56;Nalann;x
1604;181;109;103;Ehawatta;x
1605;183;89;63;Kuanva;x
1606;177;49;116;Lijew;x
1607;245;107;10;Aradivka;x
1608;163;240;85;Ejayast;x
1609;78;243;64;Kasuluk;x
1610;227;116;87;Ruone;x
1611;238;243;53;Wimasha;x
1612;72;45;114;Qakatha;x
1613;167;112;126;Wolyavka;x
1614;205;139;58;Qiruzma;x
1615;222;107;60;Kaufati;x
1616;234;117;27;Qonofia;x
1617;163;198;113;Neuta;x
1618;192;88;74;Tyatahtu;x
1619;89;148;24;Tizias;x
1620;110;5;124;Negus;x
1621;213;32;111;Wilalp;x
1622;142;74;64;Eledrig;x
1623;187;147;68;Radeter;x
1624;233;198;49;Qeleig;x
1625;80;83;101;Esaka;x
1626;65;131;95;Riolefr;x
1627;202;175;122;Timiya;x
1628;113;180;59;Ribejda;x
1629;215;205;100;Bojolad;x
1630;192;171;60;Badase;x
1631;70;198;85;Anellet;x
1632;119;142;92;Qoet;x
1633;124;254;102;Estahal;x
1634;78;173;51;Econne;x
1635;152;75;43;Efurisii;x
1636;103;83;45;Wenava;x
1637;77;166;88;Sevas;x
1638;163;232;46;Kida;x
1639;194;80;48;Tenatta;x
1640;227;65;9;Nivaka;x
1641;173;101;79;Tolalka;x
1642;126;225;9;Emasampa;x
1643;96;240;17;Asopugo;x
1644;125;231;57;Adimily;x
1645;100;247;7;Sadoatl;x
1646;147;250;0;Kawand;x
1647;138;167;31;Nermaham;x
1648;137;100;76;Nye;x
1649;147;28;63;Auifr;x
1650;223;104;32;Revpal;x
1651;125;175;104;Domein;x
1652;149;201;33;Amaheas;x
1653;161;249;108;Tuoul;x
1654;175;69;16;Namabib;x
1655;217;120;1;Rijilai;x
1656;247;155;31;Byouska;x
1657;165;31;50;Abojory;x
1658;217;145;0;Ahecine;x
1659;186;115;36;Keireer;x
1660;104;49;9;Topugo;x
1661;210;152;1;Turyla;x
1662;171;175;62;Ryecalli;x
1663;251;29;97;Ribine;x
1664;142;250;9;Layabia;x
1665;104;182;3;Kevovai;x
1666;79;26;66;Kayang;x
1667;78;9;123;Wuhiklef;x
1668;131;202;112;Qadilai;x
1669;242;40;65;Natuel;x
1670;215;9;6;Kyousa;x
1671;140;18;51;Ronorz;x
1672;251;137;62;Naliz;x
1673;174;195;113;Tesita;x
1674;251;4;27;Kibatta;x
1675;204;96;97;Karolad;x
1676;74;43;16;Wonela;x
1677;81;40;63;Qasahal;x
1678;211;164;126;Agraran;x
1679;67;248;98;Kadailo;x
1680;219;6;40;Tecemar;x
1681;176;202;100;Karomir;x
1682;192;24;95;Kogenna;x
1683;171;217;8;Radeva;x
1684;102;125;49;Kodeike;x
1685;84;111;117;Donomir;x
1686;241;153;19;Wyuo;x
1687;144;60;16;Kyeju;x
1688;167;80;3;Edukooma;x
1689;137;52;82;Bageuta;x
1690;80;121;12;Wecejda;x
1691;69;192;109;Tasafa;x
1692;233;209;78;Taduna;x
1693;136;114;92;Rohokop;x
1694;198;27;109;Nelit;x
1695;120;107;114;Suowma;x
1696;127;12;102;Esamahat;x
1697;82;137;62;Sagozar;x
1698;77;249;78;Wudivit;x
1699;66;52;119;Salp;x
1700;184;197;61;Wasoj;x
1701;75;121;62;Rudasia;x
1702;86;182;87;Tideva;x
1703;193;219;107;Tunil;x
1704;65;92;22;Bermoj;x
1705;181;177;117;Kedugo;x
1706;89;11;85;Nechem;x
1707;175;32;55;Qadila;x
1708;89;155;98;Kahimha;x
1709;138;243;5;Domisha;x
1710;70;147;35;Kanuna;x
1711;199;41;13;Nayyur;x
1712;92;209;39;Wonailo;x
1713;104;110;65;Dyigila;x
1714;85;145;32;Delann;x
1715;162;8;25;Radakh;x
1716;165;211;20;Nayabai;x
1717;78;63;76;Kabiram;x
1718;202;227;36;Dyogehra;x
1719;247;154;92;Kiriala;x
1720;119;222;38;Ralald;x
1721;252;157;108;Layavje;x
1722;179;229;88;Soheytn;x
1723;187;210;2;Samati;x
1724;135;235;90;Dyaakka;x
1725;234;150;26;Axibisii;x
1726;168;46;43;Durast;x
1727;139;153;86;Tabeth;x
1728;187;130;8;Tinluo;x
1729;151;8;27;Kehaul;x
1730;248;205;53;Kogaham;x
1731;142;199;54;Bomad;x
1732;250;221;104;Wezayan;x
1733;236;248;92;Sepi;x
1734;232;37;33;Losann;x
1735;185;167;48;Qibond;x
1736;243;227;75;Kesate;x
1737;227;176;23;Ryofer;x
1738;94;58;36;Solevan;x
1739;98;106;81;Kararos;x
1740;202;107;68;Tohidis;x
1741;253;62;80;Kabam;x
1742;163;34;15;Laline;x
1743;79;143;48;Tomavan;x
1744;113;28;81;Averura;x
1745;230;253;64;Karevoj;x
1746;241;18;1;Waland;x
1747;113;254;3;Tausara;x
1748;165;116;68;Watora;x
1749;182;171;30;Roziss;x
1750;107;143;100;Amosarse;x
1751;73;193;76;Ecotiel;x
1752;84;111;38;Elucaham;x
1753;239;41;21;Rarulay;x
1754;229;89;87;Sayamey;x
1755;182;201;122;Tyasa;x
1756;165;189;11;Qeonulay;x
1757;244;183;26;Danajan;x
1758;93;195;20;Rolavac;x
1759;252;9;37;Warayor;x
1760;243;155;109;Esamaham;x
1761;112;203;49;Adudemna;x
1762;32;62;182;;x
1763;49;43;140;;x
1764;41;127;229;;x
1765;48;107;192;;x
1766;19;19;144;;x
1767;21;9;213;;x
1768;57;13;239;;x
1769;26;60;136;;x
1770;31;67;206;;x
1771;22;55;164;;x
1772;49;13;136;;x
1773;56;61;133;;x
1774;19;78;249;;x
1775;54;60;237;;x
1776;43;52;193;;x
1777;50;91;235;;x
1778;18;78;166;;x
1779;17;60;237;;x
1780;28;104;172;;x
1781;0;84;221;;x
1782;2;71;219;;x
1783;6;34;199;;x
1784;31;88;189;;x
1785;28;110;230;;x
1786;18;122;220;;x
1787;33;46;233;;x
1788;38;37;242;;x
1789;0;97;222;;x
1790;7;10;245;;x
1791;43;12;207;;x
1792;45;64;144;;x
1793;24;63;203;;x
1794;1;16;133;;x
1795;6;46;157;;x
1796;30;50;186;;x
1797;17;51;136;;x
1798;63;5;181;;x
1799;28;57;194;;x
1800;43;38;190;;x
1801;54;69;158;;x
1802;55;61;209;;x
1803;31;24;235;;x
1804;50;63;246;;x
1805;45;70;221;;x
1806;15;21;169;;x
1807;31;98;147;;x
1808;44;119;186;;x
1809;29;34;158;;x
1810;39;118;221;;x
1811;42;70;233;;x
1812;1;29;172;;x
1813;15;38;181;;x
1814;42;42;188;;x
1815;62;38;222;;x
1816;11;60;165;;x
1817;9;88;194;;x
1818;36;58;138;;x
1819;42;111;134;;x
1820;10;68;171;;x
1821;6;109;131;;x
1822;45;96;213;;x
1823;52;112;210;;x
1824;37;120;142;;x
1825;25;18;168;;x
1826;18;16;245;;x
1827;16;95;151;;x
1828;18;102;136;;x
1829;15;86;208;;x
1830;37;92;220;;x
1831;4;16;167;;x
1832;26;104;144;;x
1833;1;7;151;;x
1834;56;42;210;;x
1835;62;77;237;;x
1836;59;0;175;;x
1837;36;115;254;;x
1838;23;124;140;;x
1839;15;100;221;;x
1840;37;56;233;;x
1841;31;16;213;;x
1842;39;79;215;;x
1843;43;50;180;;x
1844;6;26;184;;x
1845;54;63;161;;x
1846;27;7;198;;x
1847;5;7;153;;x
1848;63;81;157;;x
1849;56;63;161;;x
1850;23;54;208;;x
1851;42;53;250;;x
1852;13;94;179;;x
1853;43;76;220;;x
1854;17;15;155;;x
1855;37;32;130;;x
1856;44;24;250;;x
1857;32;79;223;;x
1858;50;56;207;;x
1859;36;79;129;;x
1860;38;116;198;;x
1861;34;22;224;;x
1862;54;127;252;;x
1863;61;12;216;;x
1864;40;5;244;;x
1865;1;115;139;;x
1866;43;50;187;;x
1867;53;112;213;;x
1868;12;23;152;;x
1869;5;116;162;;x
1870;21;82;247;;x
1871;17;60;217;;x
1872;19;32;197;;x
1873;45;33;165;;x
1874;42;84;140;;x
1875;28;15;155;;x
1876;25;8;157;;x
1877;8;113;163;;x
1878;33;13;202;;x
1879;40;60;216;;x
1880;61;18;143;;x
1881;54;32;152;;x
1882;7;108;159;;x
1883;12;57;209;;x
1884;40;18;129;;x
1885;54;69;187;;x
1886;63;92;224;;x
1887;17;10;128;;x
1888;28;25;203;;x
1889;45;55;231;;x
1890;9;25;185;;x
1891;42;50;177;;x
1892;42;10;142;;x
1893;26;125;234;;x
1894;49;29;202;;x
1895;57;95;198;;x
1896;32;80;227;;x
1897;36;1;237;;x
1898;3;91;238;;x
1899;42;10;175;;x
1900;62;56;253;;x
1901;46;63;226;;x
1902;16;110;131;;x
1903;10;96;222;;x
1904;10;72;132;;x
1905;31;0;201;;x
1906;20;6;182;;x
1907;58;125;130;;x
1908;45;90;220;;x
1909;27;5;151;;x
1910;25;96;208;;x
1911;6;23;226;;x
1912;46;57;214;;x
1913;5;67;233;;x
1914;13;99;162;;x
1915;6;51;129;;x
1916;51;110;166;;x
1917;54;121;197;;x
1918;43;15;214;;x
1919;57;98;200;;x
1920;23;5;228;;x
1921;25;100;175;;x
1922;53;64;202;;x
1923;41;2;225;;x
1924;38;39;141;;x
1925;62;1;244;;x
1926;9;15;237;;x
1927;18;125;152;;x
1928;16;125;148;;x
1929;27;124;194;;x
1930;40;115;160;;x
1931;54;5;131;;x
1932;56;13;204;;x
1933;25;127;176;;x
1934;45;41;253;;x
1935;37;24;183;;x
1936;60;125;193;;x
1937;22;28;216;;x
1938;10;96;245;;x
1939;8;99;134;;x
1940;8;96;181;;x
1941;50;115;175;;x
1942;23;22;212;;x
1943;5;89;138;;x
1944;7;15;164;;x
1945;7;20;199;;x
1946;26;55;178;;x
1947;39;93;148;;x
1948;33;127;158;;x
1949;42;96;246;;x
1950;1;118;215;;x
1951;3;0;225;;x
1952;20;74;197;;x
1953;61;103;230;;x
1954;4;62;186;;x
1955;25;70;226;;x
1956;57;52;152;;x
1957;61;80;225;;x
1958;16;110;211;;x
1959;6;69;220;;x
1960;3;1;241;;x
1961;19;113;223;;x
1962;26;39;203;;x
1963;60;51;150;;x
1964;43;85;228;;x
1965;10;35;219;;x
1966;6;112;148;;x
1967;20;108;222;;x
1968;13;45;182;;x
1969;53;90;150;;x
1970;56;115;141;;x
1971;47;66;195;;x
1972;45;106;190;;x
1973;58;56;135;;x
1974;27;84;177;;x
1975;13;110;244;;x
1976;2;84;133;;x
1977;51;32;168;;x
1978;27;47;213;;x
1979;2;15;252;;x
1980;10;7;176;;x
1981;1;108;191;;x
1982;62;9;139;;x
1983;60;96;175;;x
1984;60;48;214;;x
1985;53;15;225;;x
1986;4;81;176;;x
1987;14;121;243;;x
1988;7;62;218;;x
1989;47;53;145;;x
1990;56;57;163;;x
1991;2;69;236;;x
1992;54;14;178;;x
1993;50;53;217;;x
1994;33;45;205;;x
1995;22;1;193;;x
1996;42;40;155;;x
1997;29;15;196;;x
1998;7;118;130;;x
1999;22;55;219;;x
2000;55;99;151;;x
2001;35;106;227;;x
2002;37;27;193;;x
2003;43;46;181;;x
2004;17;24;171;;x
2005;9;78;214;;x
2006;26;9;159;;x
2007;33;70;136;;x
2008;39;83;132;;x
2009;35;48;195;;x
2010;52;6;235;;x
2011;24;125;253;;x
2012;1;74;128;;x
2013;36;72;193;;x
2014;28;47;185;;x
2015;50;72;225;;x
2016;22;116;218;;x
2017;42;73;150;;x
2018;32;45;175;;x
2019;45;12;178;;x
2020;56;81;169;;x
2021;36;32;171;;x
2022;29;38;207;;x
2023;52;46;218;;x
2024;46;53;140;;x
2025;46;19;145;;x
2026;17;25;153;;x
2027;16;65;241;;x
2028;7;86;203;;x
2029;16;106;166;;x
2030;37;13;241;;x
2031;29;88;200;;x
2032;60;119;148;;x
2033;36;58;212;;x
2034;26;93;218;;x
2035;12;96;194;;x
2036;33;66;175;;x
2037;63;68;206;;x
2038;19;73;217;;x
2039;60;79;236;;x
2040;33;16;244;;x
2041;46;4;171;;x
2042;8;70;241;;x
2043;34;19;179;;x
2044;3;8;179;;x
2045;19;52;175;;x
2046;11;33;176;;x
2047;18;5;132;;x
2048;1;122;244;;x
2049;54;38;193;;x
2050;9;97;169;;x
2051;51;13;178;;x
2052;3;113;242;;x
2053;3;74;134;;x
2054;43;9;203;;x
2055;61;81;145;;x
2056;23;30;134;;x
2057;42;25;219;;x
2058;19;76;144;;x
2059;51;23;194;;x
2060;6;110;151;;x
2061;46;16;139;;x
2062;30;24;249;;x
2063;51;3;241;;x
2064;42;78;241;;x
2065;1;7;225;;x
2066;18;90;192;;x
2067;3;110;216;;x
2068;22;1;248;;x
2069;41;115;140;;x
2070;54;77;223;;x
2071;0;12;186;;x
2072;39;18;213;;x
2073;18;48;138;;x
2074;20;73;234;;x
2075;32;115;198;;x
2076;45;7;189;;x
2077;16;7;203;;x
2078;60;110;209;;x
2079;37;79;176;;x
2080;0;34;219;;x
2081;11;1;170;;x
2082;55;102;174;;x
2083;16;110;175;;x
2084;60;3;171;;x
2085;5;101;221;;x
2086;37;82;135;;x
2087;50;109;246;;x
2088;43;126;202;;x
2089;16;4;249;;x
2090;32;12;185;;x
2091;31;94;188;;x
2092;2;27;212;;x
2093;14;30;178;;x
2094;61;51;145;;x
2095;48;69;203;;x
2096;56;21;184;;x
2097;1;104;189;;x
2098;6;29;183;;x
2099;29;92;217;;x
2100;39;33;206;;x
2101;58;89;175;;x
2102;28;14;218;;x
2103;59;82;192;;x
2104;51;88;213;;x
2105;45;22;246;;x
2106;21;93;232;;x
2107;63;20;180;;x
2108;7;77;196;;x
2109;31;79;135;;x
2110;63;36;190;;x
2111;14;72;221;;x
2112;22;70;164;;x
2113;55;57;131;;x
2114;49;66;186;;x
2115;8;105;228;;x
2116;22;15;189;;x
2117;10;21;253;;x
2118;9;24;147;;x
2119;36;109;156;;x
2120;22;61;143;;x
2121;27;53;155;;x
2122;25;12;155;;x
2123;62;51;167;;x
2124;16;54;142;;x
2125;24;27;239;;x
2126;16;2;245;;x
2127;5;60;182;;x
2128;2;53;235;;x
2129;7;127;176;;x
2130;43;78;219;;x
2131;55;92;210;;x
2132;10;16;132;;x
2133;22;13;143;;x
2134;12;127;161;;x
2135;56;31;234;;x
2136;14;97;247;;x
2137;8;2;243;;x
2138;2;127;179;;x
2139;13;124;187;;x
2140;29;108;176;;x
2141;11;14;186;;x
2142;38;15;162;;x
